email,password
mhodjetts0@nih.gov,9HY88DD6
dhillburn1@census.gov,2gaAJjfF
jblackley2@over-blog.com,xTnhCeBu
nloweth3@netvibes.com,gge08I
mmattiazzi4@state.tx.us,hBTQwG
daiskrigg5@ibm.com,u0ZV1ojbB
fpougher6@cnet.com,SjuJA8Yiha
abloy7@google.com.au,n605f4f
catteridge8@networksolutions.com,rtXaQUNzunRE
nextill9@nature.com,IAsUXgAQ
jemenya@e-recht24.de,ETR4PaJKt2
gfedderb@symantec.com,PFlad9kpkse
dcorgenvinc@unesco.org,s1o0WrSmLA
pfildesd@fastcompany.com,Ja7sjGo
upurdome@sina.com.cn,zyXJWx4L
lgyurkof@biglobe.ne.jp,CGJa5Pb8h4C
apinng@patch.com,CtBsBuakJC0
plemarchandh@foxnews.com,xCMxDGD6vIf
ldelcastelloi@google.co.jp,QAHJePkM
eiscowitzj@upenn.edu,5NMgoTosm
wpickrillk@upenn.edu,ISQQbY
nburchardl@reverbnation.com,aW2UEyEY
mdragonettem@rakuten.co.jp,9uQk28yc5PoW
kbown@artisteer.com,5UE4E1suo9V
sstandleyo@nytimes.com,2d5OGnNpmOnF
ggannonp@hp.com,CQYLgrGNL15t
drismanq@hud.gov,PCD9OU5
bclemenconr@wikipedia.org,SRXlxQfS
dwindeatts@cnet.com,CwNcjqWS
rcarefullt@mapy.cz,INEF5FP
cseeu@globo.com,6tmJPpAd5vS
aallingtonv@slate.com,HAehW5Cq
llangsdonw@va.gov,AwYb8w
afookesx@guardian.co.uk,bUIWskiDnnj
bwallsworthy@illinois.edu,VrSUn45A
clidsterz@ovh.net,U1hlTAJ
ktrim10@arizona.edu,ug8WVqXEmsd3
cschiefersten11@exblog.jp,ZCR6rMbm
etaberner12@omniture.com,irwAkk
wcrimes13@symantec.com,zmzrROT
eandras14@amazon.co.jp,qAaDhGiINj
whayton15@nba.com,gq10fGrX2
dmasden16@quantcast.com,mdeycKXqqZW
jtoth17@360.cn,pQp9oPBK4cS
frenison18@infoseek.co.jp,ILSEj21CPzW
gglasser19@aboutads.info,vxqwB8z
jolenichev1a@tumblr.com,cWlVeyFeVs4Z
tzanetti1b@ebay.com,qcSiy1
ikirkness1c@shinystat.com,OUhLcTq5iXS6
dlynds1d@un.org,VUN8hZ2RBU
aserman1e@yandex.ru,ibb90P9FLA
djeans1f@e-recht24.de,ehTOrP
adegregoli1g@hexun.com,KHQqveb
bjerzyk1h@github.com,HwqSJeeHzPw7
amockford1i@sina.com.cn,pGNLl1UZ
etwaits1j@homestead.com,ex0QWf7UG
gfebry1k@google.nl,R45uKhnH
abogges1l@cafepress.com,Pe1dJSjcywFi
celfes1m@ucla.edu,D8IFnRbSOE
kluna1n@delicious.com,K1LxgXU2
dmoisey1o@ca.gov,JzGle39VMb76
nlodeke1p@dailymotion.com,8mqYUAQ08
jcastanos1q@1688.com,YNz3Ukr89Hib
hcheetam1r@hexun.com,qq8Zax
smoffett1s@studiopress.com,QeLo8HIF
jschaffler1t@people.com.cn,jpDFeeCbLBM
lchappelow1u@mashable.com,J0AzAW
nhawton1v@youku.com,Au2aAm
qbarme1w@t-online.de,pR4VgUl
obroggelli1x@blogtalkradio.com,aSk284xyiO4
nflowers1y@who.int,wups7N8j9
adurant1z@ibm.com,Sg2QEb
tolle20@cisco.com,udbY8o6
dgeorger21@ning.com,jrTwBK
cmeller22@booking.com,r5YJ5ZD
lchisolm23@japanpost.jp,0sxEzo1
sdoumerc24@jalbum.net,UNdqUoVLm
cscutter25@goo.gl,e8FYzIqb
apicopp26@creativecommons.org,sQXLzXxn9
egreveson27@cocolog-nifty.com,XaQN1U
bstolle28@usatoday.com,i1AjeCEpu3qu
jgiacomini29@netvibes.com,XYVcZt
mstuchburie2a@goodreads.com,LgjVxI
mponte2b@behance.net,6G96ybCgk0T
cecob2c@jigsy.com,KdWRbiHCVeK
fcuttle2d@cloudflare.com,Q2Pvc7x1
ereynold2e@ftc.gov,TO08IOutkO
obrewis2f@economist.com,m9pPFGU
rshearn2g@archive.org,vEq03tAW
cjuleff2h@jimdo.com,5tMzddksqfB5
tmoyse2i@deviantart.com,kWtIq6Dzbv3
cpriddey2j@smugmug.com,6TthfjPW
lmicco2k@drupal.org,pLVKnLtRGfT
rdawkes2l@ycombinator.com,BT1tIEV2
cmelwall2m@taobao.com,QCuFtsw
qgraysmark2n@bandcamp.com,cWJcfn
pgreendale2o@newyorker.com,bUIVn38owjCw
lslatten2p@deviantart.com,yd6WNS
fpentycross2q@sakura.ne.jp,yILHGewfZLRK
gworrill2r@un.org,cyzhiOYDOd
wradmer2s@plala.or.jp,OeKgbXog
vrehn2t@digg.com,dss3Wgk
aawcock2u@xinhuanet.com,EusJuk
dfinley2v@squidoo.com,QF0c0hChzmEC
bcirlos2w@ovh.net,Vy897L
mlesly2x@cargocollective.com,s3mKucK
klever2y@ftc.gov,1bdzG6
ffeasley2z@gravatar.com,VNY9Bxu7eN
tbinch30@webnode.com,AMPsBI4eZ5hR
hbotger31@yellowpages.com,XviuFx69NLD
slowthorpe32@bigcartel.com,K1uU54nP21DE
lshorton33@dmoz.org,sbWERfp2D
fcavill34@51.la,WkWrhvkG3j5
markil35@hhs.gov,MitPz1Q
sbratch36@unesco.org,Se6KeizWWdB4
mforster37@dot.gov,27O0KcD9SumE
zhagstone38@slate.com,CVt0f7uFa
jgovern39@comcast.net,SmsFRtF7rkSx
vbumphries3a@php.net,L6UDWqSP
driedel3b@ihg.com,zXMhCd
ebarrow3c@phoca.cz,er1QTvJqV8M
kloffill3d@wordpress.org,CSN5ZMi
wnarbett3e@wikia.com,rpj5xFhN
bmussard3f@51.la,QmjLS1knt
baleshintsev3g@a8.net,nv9BD1rzRKu
grichley3h@ed.gov,cWJzJDNhN
jfley3i@go.com,TBzOkB9VCCCU
mfrapwell3j@woothemes.com,kmb64YX
dmulcock3k@mashable.com,QDMBAPdMboy
ejeffray3l@etsy.com,4ZgRVZg
spound3m@techcrunch.com,e4kDszXcAX7
bleathard3n@ocn.ne.jp,stfeCXbwOe
pfaichnie3o@blogspot.com,GiHJ6p
trising3p@bandcamp.com,WzOJX8mA
tburgyn3q@mapy.cz,seXaXLECFH
aeton3r@so-net.ne.jp,Gw8d1ySrd
gclarkin3s@google.co.uk,MdkiLLG
hdown3t@howstuffworks.com,xVpKVvY7
darbon3u@desdev.cn,HPMOxgYi0vVh
kdennett3v@craigslist.org,baQOCHFAjr0
cfarncombe3w@bbb.org,h3hF4NxPJ0
hneligan3x@hostgator.com,flXI9PdE
rcorain3y@biblegateway.com,5mvqApi
gbemand3z@twitter.com,ifoEFSEhNu
psex40@macromedia.com,SCLNJYA2J
csnasel41@rediff.com,Wuv4nJ2B9n
pabazi42@uol.com.br,TdO5zKCVwFRD
calpine43@ycombinator.com,FNTXaFE3
plapley44@histats.com,kBOrNMW6
tvanderkrui45@indiatimes.com,Jb6Bdw
kryding46@oakley.com,pYcA7Cy
clankford47@sciencedirect.com,xdwqZCg1s
pmunford48@ftc.gov,s434H1
amclanaghan49@digg.com,EHu046
jschirach4a@vimeo.com,BFdUeD5hn0v
lcaslane4b@squidoo.com,piRgAbIA
rherety4c@istockphoto.com,Z2JvGgupqD
itriggel4d@merriam-webster.com,mIyt2mgj
oseekings4e@miibeian.gov.cn,6MKrdwv6L
gboorne4f@theguardian.com,HT5T70zW5lza
acarr4g@time.com,EqH3hHkxk
cflawith4h@a8.net,uy4OIDJv
lmcgooch4i@tuttocitta.it,fbIu1SrN
rawton4j@msu.edu,xVcCDJGsK
jpickhaver4k@privacy.gov.au,vpjXSA0FkC
sminchell4l@wix.com,8s7jvwR1j
fadger4m@accuweather.com,mouzzLTfwz3b
amainwaring4n@icio.us,zTWM9OIyZ9f
jhebbs4o@nyu.edu,s5Gjma0Z42
jtuttiett4p@theatlantic.com,aWaaQKWq
bchiles4q@nytimes.com,fLjEIuCLH
cbrocklehurst4r@prnewswire.com,orx1jT2
oodonnelly4s@1688.com,AfX4Wn
fgainsbury4t@cyberchimps.com,FOzbrwd9mL8M
mdoutch4u@stanford.edu,zZXcsK0Yc5gz
efleet4v@opensource.org,Ho8RUs
pferroni4w@vinaora.com,7De0EUE
jferrucci4x@aboutads.info,H73HjoHiEY
ccorkish4y@answers.com,m1hpaSzISIbn
bcallear4z@wordpress.org,fAauhj2O
omcmahon50@xing.com,ecCLv54
tyude51@wikispaces.com,Re35sk
ieicheler52@bloglovin.com,s18k58
galdcorne53@nih.gov,m6dhLJ
ameegan54@purevolume.com,V2w28rPVN6
aendricci55@miitbeian.gov.cn,mKciCQmf
hchristou56@wikispaces.com,fxjTZ0n
cknapper57@edublogs.org,5qXmO9wWmTD
dcohen58@intel.com,mKgMQRhHvn
detter59@imdb.com,iTXDk4
csidaway5a@a8.net,fkK3DWS4QfJ
dlawland5b@opera.com,v5pW1hjxRlH
dcourtier5c@surveymonkey.com,c9zc239yPP3N
gwade5d@myspace.com,lRF5AUxn5wl
ntees5e@amazon.de,Ys0RqHQ
mcauson5f@japanpost.jp,DealN56S6JQ
mcorbett5g@trellian.com,p1CB2CG
ccromar5h@admin.ch,to8W8o
rjarratt5i@cbsnews.com,8vl5tW9arhHt
nwoolnough5j@deliciousdays.com,rciXtBC
cbenner5k@theguardian.com,byB8oHvo
mcuolahan5l@spotify.com,SYp0Y5jZ4kac
ghumpage5m@nps.gov,EyK1RwqLaLQ
cgave5n@home.pl,zYFWnhVAiu
ebaptie5o@gmpg.org,d9D1xuK2Vh
elightewood5p@wikimedia.org,ZCOAjRnEZkV
bgoldine5q@pinterest.com,XOHSYDJ
jaugust5r@tamu.edu,cNVRDOOyz
nwiggins5s@globo.com,tLwhxqTL
ssanches5t@canalblog.com,M1sMdbY
tduddle5u@google.ru,CvWQurjyUE
rporte5v@google.cn,h2umawcRzhR
okirimaa5w@zimbio.com,pbiChb
lstiles5x@nifty.com,YWqKCKr
rvoce5y@youtu.be,PttQmfF5W
jdoley5z@elegantthemes.com,64UOnluojK
dwickrath60@mapy.cz,hF3hB0O
lrowberry61@engadget.com,EhKhEwNI
lbeckerleg62@ucoz.ru,jDmCbq6
ggillise63@wired.com,4PpZ9s7LwuWJ
swillcot64@nps.gov,k2tuTI
jclemence65@dion.ne.jp,Ae0j7sGEoQ2l
rcoxen66@google.com.br,VBAJ4PpeqV
cmadgwich67@yahoo.co.jp,ll9g6GaqQYy
lpryor68@wsj.com,1Lt0lpd4p50a
jtorald69@state.tx.us,FgDiEH5k
ereasce6a@hud.gov,HSlFvbuuYY
jdean6b@huffingtonpost.com,H4dfn4990OT
nsandcraft6c@go.com,0vVKL724SQVp
etwaite6d@cdc.gov,oAUzlXcQnN
aplaid6e@cdc.gov,FNZE94Q
tnaisey6f@irs.gov,ceRmR4RQb
spetrichat6g@statcounter.com,JqtoLar8yh
amaccague6h@blogger.com,LfY81m
svoaden6i@microsoft.com,0Fi5Z9xdWR
hwohler6j@google.cn,kTAil3zxLBz
rerlam6k@nih.gov,kSo8bYmG46H
tmeddick6l@bing.com,5sP981
jguyer6m@seattletimes.com,h6IbHj
hgreasty6n@shinystat.com,b8OqVi
spurse6o@princeton.edu,fj8laPYUUcjI
kbranni6p@moonfruit.com,QRdZaIyHPzpW
bwindrass6q@youtu.be,O9ZCxoummQ
nteresia6r@comcast.net,EP0aRfYRS
wdarlington6s@slashdot.org,9vhWS5x3Vg0
prowledge6t@usa.gov,6nwvYD30JR
bgrishelyov6u@clickbank.net,t2BhcD64dsh
coldroyd6v@comcast.net,b4VDnIouwqxS
eiggalden6w@ask.com,ZQ99GG
preidshaw6x@lycos.com,kZmrkAVf
kdignan6y@fema.gov,qj7wgltEx
hcaulcutt6z@aboutads.info,7VDaGklXXa
fbarca70@t.co,TqZx943T
aferrarotti71@squidoo.com,s5TlKt
ogillam72@51.la,LT9L5MHgTUnx
jharlock73@fotki.com,onOrGI
mdenge74@economist.com,3CJloAg
nsinnock75@amazonaws.com,nFZ4dQPf
scrump76@slashdot.org,Zk0Ud5pSXw
eteeney77@list-manage.com,aTJj64SmIG7
kshorthouse78@msu.edu,Up0nYn8
ddenness79@pbs.org,g6DoOdhT4Mp1
jpimblett7a@china.com.cn,ioJIG5zJs7Z
sskyppe7b@ca.gov,ziSsVoti7Bc6
zchinge7c@dell.com,pnTmpiWktS
hrooney7d@jalbum.net,lB6BJ3T7h
smacellar7e@dell.com,WTgZBxkjS9
cisacq7f@pbs.org,TpgJWPhfC9
ddimbylow7g@intel.com,uX5RHG
salexsandrev7h@un.org,HwwgJEh3
treding7i@google.com.au,45CO55pb
ecolombier7j@salon.com,bzmjjb1ea
cbenduhn7k@dailymotion.com,KFYQWj
gjosefson7l@zimbio.com,CfM2vE
bmonkman7m@google.co.uk,VSX9lst2r
dbeumant7n@ucla.edu,nTELG2L7q
akemme7o@github.com,HTpfDi
ckairns7p@yahoo.co.jp,wIIHQ3NdS
clamshead7q@mozilla.org,TKxebioNWbu
ksoldi7r@harvard.edu,tRwspnE
lronchka7s@simplemachines.org,BaRbS4mFK1s
dpendrigh7t@yolasite.com,sGjFe3e
tashenhurst7u@seesaa.net,vwjccnvMT
lszymoni7v@ustream.tv,ccrpFARJebsV
fmorsom7w@people.com.cn,0lbukWPdMn
tlye7x@imgur.com,Pfyub5
eyesinin7y@bbc.co.uk,MXQROLBi
dkhomishin7z@clickbank.net,ZM848LE9F
mpersian80@oracle.com,ebgVt5U9W
gmallan81@hc360.com,27CCsccoqzI
sheffernon82@webnode.com,KBlxe7L
clillicrop83@yahoo.com,hRmpvg0A
emountlow84@cam.ac.uk,UE5yTPLn
jcaskey85@t.co,1Se4JSBDbdKL
lbaiden86@marketwatch.com,J3lQ9GQWRM
dlampert87@umich.edu,yf7GdeJo58H
lsmoote88@cisco.com,Ld2tGyIitO
cgwyther89@webeden.co.uk,ZTAC4jP
felen8a@domainmarket.com,0lkWC8BY
psweetman8b@chicagotribune.com,42fnAGL922
npeete8c@usa.gov,hEkfw9tAc
rbryett8d@foxnews.com,vqyEWbt
llonding8e@hhs.gov,kIwRMF2
eharsent8f@github.io,UqWa5VO
mscarbarrow8g@naver.com,OSq77Kzv
kdonlon8h@vistaprint.com,zI9jwPvHo
dbontoft8i@examiner.com,wqoXQs
isimmonds8j@opera.com,VhboYNSE1
gbroomer8k@webeden.co.uk,snh1pfJ7Pye
asantello8l@admin.ch,7DLuJvZ
vmelody8m@booking.com,mUN5EUDRTzgU
kgiorgi8n@list-manage.com,6tElEjYCv
hraggles8o@privacy.gov.au,eyE1TzE0
alovat8p@japanpost.jp,WWmB6D
mbonnesen8q@jiathis.com,cqK0qNLIU6I
mknappen8r@creativecommons.org,FplOGST
dbarnardo8s@unblog.fr,q7tUFCl
hghioni8t@eepurl.com,6rfwTTHnnFw
rlemin8u@amazonaws.com,3VYdvqK3
amullin8v@marriott.com,RtJpbD
bhan8w@free.fr,Z51xKx7Qf
elorens8x@blogs.com,eJZcsH8wK7Ib
wblunderfield8y@cnbc.com,TpNtHr
hcapaldo8z@theatlantic.com,lT1FjhZ4
hbanasevich90@comcast.net,co8Sb7wR9y
rlivingstone91@princeton.edu,f0IE0Ql
abriggdale92@discovery.com,Nn8iu45tTPRT
hmackeig93@toplist.cz,MlW1D80FN
eviegas94@berkeley.edu,veSXKIXkdaN
dmaccague95@discovery.com,8g2AbdWaT
dings96@vkontakte.ru,Na3iE01GjXBg
aillwell97@baidu.com,p68SthZEdEF
alimeburner98@upenn.edu,QiivFcwef
rwigelsworth99@ted.com,TD3CQ5Oc9wy
owilkowski9a@google.nl,Df2DVDl
neyckel9b@mit.edu,GiyQFGf
pcrome9c@youtu.be,JcP49O
wshawell9d@buzzfeed.com,f27k6F4azQC
efairbanks9e@gravatar.com,kGJTM7
cmundie9f@over-blog.com,Uv45vbhmm
acowans9g@sitemeter.com,dgB5rjyt
dstruttman9h@bloglines.com,xeX3GZjQRx
mswainson9i@prnewswire.com,5xsTRlMCOn
mbensusan9j@tuttocitta.it,8Cy3Q5S
hstreeting9k@bravesites.com,70ejMAMOIcX
spetticrow9l@flavors.me,m3wkW3D5YnA
rrentoll9m@ezinearticles.com,XmgbZKBaRFQ
cjames9n@merriam-webster.com,1SARD6Q1ra
mgranham9o@vk.com,9m6KowSj
kdureden9p@123-reg.co.uk,f3dT0Ai
jelsley9q@purevolume.com,qLYWLAtu
xbonnette9r@shareasale.com,3K0HuAHzzXJ
bvossgen9s@artisteer.com,EuFei2XH32ES
mdunbleton9t@hhs.gov,lKzO3oQ
khutcheson9u@tiny.cc,TC6o08cet
dericsson9v@ucoz.ru,TtOnETAYXX
kbembridge9w@nba.com,m5KzMRWirXz
ssibbet9x@themeforest.net,Vy4FfUS
dody9y@bizjournals.com,Yb1UiN
ccolling9z@ezinearticles.com,7507uBnGjd
blenscha0@php.net,ElC9g3o9PSIT
lvorleya1@blogtalkradio.com,D2rxos3l5ZpX
lpoylea2@chicagotribune.com,TQHVzlbv3Ff
krenahana3@furl.net,pUNEzoqsbf
bfacea4@xrea.com,mXvKMCWoVO1
jsandcrafta5@illinois.edu,jf2edHnrQ
kdoughilla6@1und1.de,ZVwcZbslVq2d
jlaurensona7@unesco.org,oCJcVXHEA
bjelka8@rediff.com,NLHRJadBMY
hcoila9@amazonaws.com,QcTDz4sR
cvanleijsaa@t-online.de,xAPWbwFcRg
abazellab@alibaba.com,731j9k
aheadingac@nymag.com,l4BJ2hd
vsemechikad@cafepress.com,h4df96BdyR9
doolahanae@t-online.de,ocN7cxlQ1
ddedomenicoaf@go.com,EbXmoaYvP6K
nzanreag@mapquest.com,0rG31fgR6tF
mbalfourah@discovery.com,6VSx1Jte
dfernyhoughai@columbia.edu,FfIS2jeibzw
alettsomaj@last.fm,tyM1KdOsSW9b
btrebleak@si.edu,ej9rlQ
trockinghamal@buzzfeed.com,3Gy6MXgVc
tscrivinam@purevolume.com,sCahf5
jdeglanvillean@unc.edu,XsV097R
bdebankeao@addtoany.com,2Bb7nS8z
tmattinap@usa.gov,jphGdMItUP
fyaldrenaq@feedburner.com,hOnOOAtwr
thumesar@discuz.net,lJ6wOjbP
ccarderas@intel.com,VFy9IFRpc
ccoxat@rakuten.co.jp,WkdfvnKXC9sC
kcordeletau@shinystat.com,vAX1UP
pfenelonav@eepurl.com,Ms8oBk1d
plocarnoaw@delicious.com,ORoII9CKFe4
bgisbyax@uol.com.br,MNR2vC
agarroulday@senate.gov,kdMLAf
aedingtonaz@zdnet.com,EHzwqz3FyDuw
hrelphb0@wunderground.com,rrQhmR
makedb1@tripadvisor.com,WThEmAVBMrP
hdesimoneb2@amazon.com,dS9Zq7ljkr
maskellb3@tmall.com,hlbFtjl99GE
emollnarb4@exblog.jp,LlBqzjuS
rpatisb5@epa.gov,UiLkGhg
pmaffettib6@zimbio.com,4JBAZveq8xG
lbroadeyb7@about.com,S1rltOAXsQ
glaiseb8@wired.com,zplGJvycG
lwhileb9@netvibes.com,kgdObFfyO
rbleaseba@boston.com,AFddAH
apinnockebb@linkedin.com,qEYudC1AG77
scastagneribc@google.co.jp,BEKY6lvTe
wroscampbd@mit.edu,2I76zUeM7ZZ
atotterdillbe@sciencedirect.com,IqwX9QcaH
hdurrambf@myspace.com,gluReqHorFA
sbarrottbg@imdb.com,Xo8T7p
snoakesbh@bbc.co.uk,YBUansKtpx
scummungsbi@facebook.com,vFGZXp
cgeavesbj@fda.gov,mREQBVcBCkZ
tfranciottibk@flavors.me,DJxDYb
ekingsnoadbl@stumbleupon.com,cDzXVQJeD
ebaptistebm@wikispaces.com,0N18TJoNx
asadgrovebn@globo.com,nqBC52RLG9CD
jaltonbo@spotify.com,YHngbChyfvL
cvendittibp@nba.com,31UjVLQucGcl
kmataninbq@domainmarket.com,QSgSZAoRTFP
iconyerbr@nifty.com,caifruHz
agrecebs@phpbb.com,iwrQQ4
epawlingbt@pagesperso-orange.fr,qiqpb7
pkippaxbu@gizmodo.com,hdHQe77fG
eabramovicbv@ed.gov,dzz3GJBX3aM
olonsdalebw@prlog.org,uf52DSb
ppellantbx@51.la,3VYLFYY
ljanosevicby@bizjournals.com,Rs4D4U
cburdessbz@mac.com,EppVSDLBP
wdermottc0@webmd.com,mSAXeyf
bpointc1@webnode.com,KIljMV8n3
rmckeneyc2@ted.com,FsvSxz4
niwaszkiewiczc3@google.co.jp,sD3s37hy
qalflattc4@sourceforge.net,SIwKma
porsmanc5@walmart.com,X1uADSNY77
cgascoynec6@canalblog.com,xH0MVeXwYKY
cprofitc7@sfgate.com,nVvkzRHlrzn
aeslandc8@weibo.com,PYlP942jOr1
zlutwychec9@yellowpages.com,NCXTiH
kwestheadca@oaic.gov.au,6XmmsxPz
tbillsoncb@ed.gov,lofRdHk
fmacterlaghcc@csmonitor.com,cDxnzaB9Ny91
nbruynscd@ucsd.edu,Jmu5tt
labramowitzce@xrea.com,yG4HtuNnZj4s
thuguenetcf@dedecms.com,1az9rwv
pcaulcottcg@uiuc.edu,ujTm4T5oW
hmorandoch@cisco.com,HU4r3M
ncolegroveci@theatlantic.com,4uySxU8ICsBC
wellyattcj@ocn.ne.jp,vDq2fEs9
adippleck@mashable.com,XFkng0
lmadnercl@nature.com,frfuDwh83K
tpabloscm@soundcloud.com,M0OSjQgJt8C
blearmountcn@addthis.com,O9WnQlU1s
arowesbyco@xinhuanet.com,wZuXwo3
pjellicocp@icq.com,gvbSUsaMcGX
gearleycq@businessweek.com,ruyRvJB1ESy
nraultcr@sun.com,F1AL5DiJUIz
kdodswellcs@whitehouse.gov,lIxeBs2Ca2k
agardct@hc360.com,pjbZ7mtCX6xr
dcossamcu@shop-pro.jp,jTFluU65bvEg
cfilipczynskicv@shutterfly.com,oUNjy5VOA6O
rwealthallcw@miitbeian.gov.cn,ToNBXhT
khachardcx@devhub.com,Jmqh0J
cconybearcy@nps.gov,Rd9g8agGDE7h
mgollycz@yellowpages.com,Oh5DDmn
aelsayd0@chicagotribune.com,H1vDEpMx6
fsigned1@twitter.com,S9eI6LI
tlieberd2@bizjournals.com,dhvvMPx1GuSz
dcanadasd3@is.gd,bal7cK
wgowdied4@behance.net,JlecJRzAjVe0
dbransomd5@google.de,Lg0ShY
cmoppettd6@about.me,Cg0iDjz2GH
bgallagerd7@epa.gov,CB4tEb4S
nnorkerd8@twitpic.com,cCC9PTJ
epashlerd9@free.fr,raYGvDB26W
dbaggeda@oaic.gov.au,ZCKl5j1
sdroverdb@wired.com,L9WDjk1kS
jsummerlydc@about.com,8VUWi4TL
sackeroyddd@cam.ac.uk,zpz6oZ
syeskinde@phoca.cz,RgjQJgX
fwhitewooddf@comsenz.com,FPAguFCP9
mrihosekdg@wunderground.com,FnLXXL
cjollyedh@microsoft.com,UnzAmNK5S
bbyfielddi@altervista.org,4hDsZjk724z
gwagondj@pagesperso-orange.fr,wroiELxGwx9
jdunmuirdk@pen.io,MW2pGmp0A
pcecchetellidl@barnesandnoble.com,uFyg57f
lfeakdm@ustream.tv,tfLQzYL9s
jweylanddn@princeton.edu,t8g5SGCqP9L
cdefilippodo@mozilla.org,gThF9UY
rlarnedp@nbcnews.com,maaXZlqUFj
aknathdq@eepurl.com,BIr0CV2mq
fmongerdr@samsung.com,37KuUNwvoij
lcontids@state.tx.us,agkjdy5
bcrutdt@time.com,qFyADD3idlfw
ipessolddu@github.com,I3vWL0CbuK
gpeplaydv@webmd.com,o8dzX5oe
mtuttledw@seattletimes.com,6BlKwPB
emableydx@buzzfeed.com,92WnzObCd
bparkesdy@yahoo.com,4LBnLtBN
habeladz@nih.gov,vfgjmmwSYZ3
vdrydene0@disqus.com,UZl7G5mS3
vprebblee1@mtv.com,3wIbrz
ccowlee2@csmonitor.com,XGRRa2wb
cbonnicke3@drupal.org,g7bW1y
mabramovice4@twitter.com,Wo6pN7RWOgS
mnoblete5@icq.com,ajFWdSq3g9Ap
xspeakee6@usgs.gov,4314z1
rmcglaude7@msn.com,wKGPFPc3
gschroedere8@narod.ru,ZoNS8qQPRR
araimente9@ca.gov,QMFI3xTyYOC
dhinckleyea@msn.com,HA0zOxjKrc
vwalkleyeb@disqus.com,0lxfvryHagS
nasplingec@weebly.com,geKoQjI2
mwitheridgeed@digg.com,2S7xajV
rimmingsee@infoseek.co.jp,bRFWTHtMBW
hcheakef@youtu.be,CFEL8EGF8
gadgereg@netscape.com,roQVvLJ7gBP
awigganseh@storify.com,qO0Sgb
lduthyei@sakura.ne.jp,vWHcpM3kraq
fscimoneej@dailymail.co.uk,jHmgqjv96v
cporchek@columbia.edu,8XeqIacLDYX
lcoatsworthel@instagram.com,2nuMwz
ngillespeyem@ustream.tv,4XvcUi6LGs0B
awilcoten@goodreads.com,qV0u75
amounseyeo@whitehouse.gov,m4kUEWff
bstjohnep@jalbum.net,ONQVtFy4i
skermitteq@drupal.org,wjPPrdtn
ndalgarnochter@gov.uk,xs69xWZNTr
znewickes@yelp.com,lV95fVF8J2j6
bkasparet@si.edu,JhrNvu
vboutchereu@yahoo.co.jp,QChxcSnrka
ntuxillev@rediff.com,mZQaBJ
nconklinew@gnu.org,tDUZaJTRh4
rklassmannex@imageshack.us,c0sVliM
pcarruthersey@ycombinator.com,sqMFBe
jdezamoraez@timesonline.co.uk,OM9AU6Ooe7bS
fshimmanf0@unicef.org,lKlJsI9dUHG
apadsonf1@163.com,LQA3IwBwe
kmurrillf2@uol.com.br,eFYpJXCP
cgravellsf3@baidu.com,fLDqkVN0UCF
tpasterfieldf4@wikipedia.org,Rsl0mltpw
dpearnef5@fda.gov,TaDTMdf8lC
pmoffattf6@omniture.com,i1mhn1Z
eruthvenf7@tinyurl.com,fMaUXnUO4
hshiersf8@odnoklassniki.ru,Rebgke
mmeesf9@reddit.com,DvbKPHy
jdewittfa@joomla.org,xrqDGKtQ
cdarwinfb@uol.com.br,celkIHkh89Dq
fmarkusfc@dailymotion.com,J3mF5Msth
tspykingsfd@fastcompany.com,vuU4rqI
qfruchonfe@engadget.com,evhYMMRrLJ
cvickersff@omniture.com,dbMARXTj
bjanickifg@lycos.com,2ApMmF
tanningfh@fda.gov,c37SzuVVo8Z9
mfarmanfi@ebay.co.uk,ePMHXZZ1
ncocksedgefj@oracle.com,T7IcU8SiEe
dtalboyfk@yelp.com,nkJy27XD9L
tvasyuninfl@topsy.com,CHYTBw7vH
bohernfm@ow.ly,hb4IFJXOoTE
hlindeloffn@rambler.ru,6YnbE7E1hp
rkleimtfo@berkeley.edu,AAh6NUAi
dwhitmanfp@google.co.jp,T3b4l9P5
kterbeckfq@is.gd,rKh5aqg
kkreberfr@i2i.jp,0Wp6GgrnFQ
ltotarofs@usgs.gov,C7rP0W
sjirasekft@flavors.me,KmexAPxVez
pknappettfu@bizjournals.com,3va91FjGyDDs
lbaldickfv@blogger.com,mIsqagQwJh
sloghanfw@independent.co.uk,wP2DTzt
mpavelinfx@ucla.edu,slmRrxxYjD3
proftfy@google.ru,MPBBkWdW626w
reddsfz@cornell.edu,XgheXHGKCiE
pkingcottg0@reuters.com,iWIRPO9
apieterg1@zdnet.com,WSB4FA
mstrutg2@meetup.com,mqJ37Nwlvh
kboling3@51.la,zi8JcJWO
mbageg4@google.ru,yq5b6ewUtA
garming5@prweb.com,fWzqX9SbDcD
bhaddestong6@arizona.edu,0RydGx
smullingerg7@hhs.gov,duzpWXPwf937
bconmang8@wiley.com,OxLzBctQWPb
kmiliffeg9@sohu.com,Ll8vs8JS2
kcortesga@biglobe.ne.jp,cjFlTvNz5
bhutchingsgb@home.pl,GRTnMg3uO
tcraistergc@blogtalkradio.com,swKOSzGvj
lriddichgd@mapquest.com,NMtwHx
mmckernge@usgs.gov,JxUljvZHLK7
gdrewerygf@myspace.com,n2sa3GYo
wtrumpergg@techcrunch.com,8iUY1347W7
dcaldesgh@reverbnation.com,RDhTkv
jgutierrezgi@1688.com,8364mUWQOxuk
jeffauntgj@diigo.com,rZqy3vX2p
bjellymangk@symantec.com,flZr7YZ4BkE
kfanninggl@cnbc.com,4WSzQQs
bsibillegm@php.net,1XeDZLAt
yfinlaysongn@wix.com,Lb5wqOlW71S
rscoatesgo@stumbleupon.com,oTT65xRDn64
ktriponygp@go.com,WPoGbRq
jwookeygq@google.ru,MtIyBXM43C
creisenberggr@bizjournals.com,yyZR0H1ra
hfranciegs@typepad.com,9a5rJt
kgreenwaygt@php.net,LkphiFBk96
phetterichgu@wikia.com,FjOHnGdGR68C
byoudellgv@webmd.com,r4HtSNkag
bjurisgw@youtu.be,SqOa492YGEvk
wwestnagegx@is.gd,ccBzNm8VL
pbortolomeigy@com.com,kdqNVW5Fc
rellcockgz@unesco.org,Gf3WNWu
khulmeh0@123-reg.co.uk,PqzsVFMsL7
mpudneyh1@goo.gl,FiLfPq9wZ
csherwellh2@zimbio.com,bOqndNvvAdSv
vaudsleyh3@weebly.com,BbwQKu
mviccaryh4@homestead.com,iFgiMqV6MLu
btayloeh5@tripod.com,A4OKTBXJXh
pschubuserh6@mlb.com,iv0A5elOym
aconnollyh7@studiopress.com,OX9nPXFPPLZr
koldakerh8@deviantart.com,wDmrWvM
tbalassah9@elegantthemes.com,13ZoGLEmDaAT
coldmanha@pen.io,BRmTl3
apeirpointhb@wunderground.com,TBSWGLCjA
mromeufhc@tamu.edu,OD5g6P2gj
dglowachhd@cornell.edu,m4sm3QvhXs
astrangwoodhe@engadget.com,TbQnqSnn5
edoonehf@disqus.com,CyO0xWHg
lbiskuphg@discuz.net,iBjAo3XCM
cdavydychevhh@forbes.com,fvnulXP
csporlehi@clickbank.net,cS2CUu
gbrownillhj@cisco.com,cfRQ8CLbIA4C
mcharterishk@dmoz.org,8Y3TOjlIJzt
gskettleshl@si.edu,MA1C7C0zcP5
rwillettshm@com.com,mM4qkX6vNGHu
lcohnhn@devhub.com,2XgWCtQ
enewlingho@google.pl,TP6YHfh
ggwillimhp@free.fr,JzvvioHPaW
jmccrumhq@so-net.ne.jp,K95QWdtBQp
rjileshr@tinypic.com,IL7emLIOBRm
mwitcombehs@jalbum.net,VMM72lDAnj
htalmadgeht@woothemes.com,pdxKHbNXll
gleyshu@mit.edu,hBiQnO
lreesehv@businessweek.com,hbXbzUGPh5Qh
lgisburnehw@geocities.jp,ZvI8vklx
bwasbeyhx@de.vu,jvD7G4D7
dneilsonhy@google.co.jp,5hkjap1zP
zrousselhz@netlog.com,MgyzNx
etunaclifti0@google.com,E8dp5Pop
scurneeni1@howstuffworks.com,TbM0ZmQ7OW1S
bsampsoni2@mit.edu,9u7MJQtCI9Vr
dmaycocki3@1und1.de,hMjfxgT5g
kmanisi4@ucoz.com,VmTBAJx
spattingsoni5@wisc.edu,3ru1XGFTxC
gbradei6@delicious.com,P3PAnQgKq
mclemenzii7@ehow.com,hFjd8XE
kyerrilli8@kickstarter.com,ZCz9zqA
cswithenbyi9@clickbank.net,Z8OHeykgXoYD
lerrattia@businesswire.com,uOXsOG
nrawlsib@arizona.edu,PfqVkPkZV
rhynardic@ameblo.jp,vzThuWzsP9xr
psmallacombeid@google.com.br,I6A063x0H8hW
ltythertonie@wufoo.com,Cd9SFqc4g
ssiemandlif@upenn.edu,9WivEZo
iabrahamowitczig@wired.com,AH3CHDMhK
iduncanih@hibu.com,96RMc6yKAY
rkenwellii@bloglines.com,jvRjjtK
ntreamayneij@php.net,ipNA8i5PD
nbelitzik@soundcloud.com,QZOIlmz
afetterplaceil@redcross.org,QPqVry
tdaubyim@histats.com,wJgoqo
dcammockein@over-blog.com,Qjz1fvjm
ddreghornio@imdb.com,iGXkSwIEwlj
bduerdenip@foxnews.com,RCTruNG
cwhitleyiq@delicious.com,O1yJZU2l4Mfa
sfernandezir@facebook.com,p7xA0LgaEv
bpettendrichis@yellowbook.com,RvVnpL7
rkanterit@paypal.com,9XsOl7K81Q
nganingiu@biblegateway.com,b74zEqEnhx1
dlightwingiv@wikispaces.com,vqiGBIGhAE
cmccalisteriw@google.com,Xj1RBcXTNW
icalvieix@odnoklassniki.ru,GlJomb
dshatliffiy@unicef.org,CSmYTcMSzNh
hpickerelliz@wix.com,yo1Lrp6djH7K
zalesij0@angelfire.com,X7ziVIsSme6
rnecrewsj1@phoca.cz,tpnwUHrkbU
treacej2@addtoany.com,UwITHeQ9OPJX
cwestphalj3@php.net,WqtHqDsQIJb
ctoppasj4@house.gov,VJeCt9
kplayfootj5@ibm.com,LtJwoglnG
bellereyj6@netlog.com,bYgnNWR
apoveleyej7@nsw.gov.au,02bNup
epetruskevichj8@home.pl,vrfFEzN
gwhicherj9@seesaa.net,sFykUR9BLbu
kiveaghja@issuu.com,L1W5Gk7Qhb
icampanyjb@ft.com,ZQxZZtJC3i9
rdinnisjc@java.com,ydmCJ86
bgeffingerjd@hud.gov,i6C8jIg7
jbortolonije@youtu.be,xjjTJOs1S7RI
cmattenjf@amazon.de,EsJogw
amcleanjg@usnews.com,t6BtfquuXU
atittertonjh@hc360.com,dDbS2mVoDV
kelsburyji@apache.org,WHbvrJli6
kmarjoribanksjj@prnewswire.com,hu0pK0
jmccaghanjk@gov.uk,R31gojmD8cX
ajzhakovjl@intel.com,dGcoJJTz0b
cshakespearjm@upenn.edu,KET7CBA
kmullaneyjn@dailymail.co.uk,Gub4BCznb
spoulsonjo@drupal.org,VzHz68p0Q
acarniejp@goodreads.com,apcM9O5TP9
vpendryjq@chronoengine.com,zpIcs5
ehabbesjr@weebly.com,aE6aRmt
fcanningjs@myspace.com,bebPFkT
ballderidgejt@google.com.hk,IQse07iurH
mwaterstoneju@youtube.com,XitqL15U
lfairchildjv@fda.gov,zy0zaUrXJ
rkoresjw@kickstarter.com,WzliYjMW
mphytheanjx@guardian.co.uk,vac2yDn
thidderleyjy@yellowpages.com,x4cQOf
nambrodijz@utexas.edu,tov4NKzxrcB
raxelbeyk0@ca.gov,GOWK1bIx
mdaughtonk1@harvard.edu,jmZGrCmY
ibraidfordk2@sogou.com,2280st1zL
tyannikovk3@ucoz.ru,vGEtQPdy
wbusstk4@slideshare.net,7MiTzUK
amorillask5@privacy.gov.au,xMWKLBKXdN1
bbratcherk6@arizona.edu,dF3lstfEt
dparrenk7@example.com,cFENP9WYP
cbunworthk8@furl.net,MOweN7pIoBTM
vmenendezk9@cafepress.com,NzEbKr
dballingerka@bluehost.com,WfTZh5rhCe
kwindlesskb@opensource.org,IBVTOU2G1V
hklieslkc@bandcamp.com,8BIyp7v0VaX
saloigikd@youtube.com,hZAgAV
ljacqueminetke@boston.com,IH9TqL2uM1I
ndaviskf@plala.or.jp,TqMDiUT
haugustinkg@ezinearticles.com,iSD8LDhdZJP
pfrawleykh@yale.edu,D3xDLPnfQyeO
rantrobuski@about.com,cB4MYQXXMiDv
iexterkj@ft.com,u0ycEaXm
nraundskk@newyorker.com,LNH8w2gg
whearlekl@wunderground.com,n2D40PjcK
mverissimokm@walmart.com,YJ5WLr9
gbalshawkn@addtoany.com,sXboYMFug
jpardeyko@ucoz.com,eO6XYRuS
lchaplinkp@youtu.be,UPyHhz
kguihenkq@microsoft.com,hSCC7YB
vormondekr@unblog.fr,XRXo5ThrB
lleteurtreks@unesco.org,la4PheRkmJ
tleethamkt@sogou.com,8lXekBukqT5x
cketcherku@craigslist.org,wmWhqzVqPa
wturbatkv@wikipedia.org,nGC1uXs9T
fwaddilowkw@salon.com,imyINP
wseyffertkx@springer.com,9tvKYM
kwolverky@wix.com,211nENP0Zu
dborgkz@bbc.co.uk,NEkXFbHY
rstubbsl0@shop-pro.jp,wZbIO6te
mnormanvillel1@goo.ne.jp,abFn7gU1yoq
ehallowsl2@uol.com.br,7MDHDy
bcamlinl3@etsy.com,jmwZPFomZO7q
cgrinnikovl4@mozilla.org,bMJJFBKFyIQ
aortigal5@harvard.edu,CUILVH
kploverl6@cam.ac.uk,6Lppt86QO00P
mleftridgel7@webeden.co.uk,2sp0Xmaa
rlangmanl8@slideshare.net,Y0lTvz5
cpaulazzil9@hp.com,ERLMM4T6nX
vshowlerla@elpais.com,F7wq572feIo
ldummettlb@last.fm,KqTU7BU56U
aseabrightlc@boston.com,WsAsNS4ZfG
rnieldld@hibu.com,4xLqvYL
cmenhcile@about.me,8pv7mfo
czaniololf@go.com,vA5an2VYsYU8
phugolg@liveinternet.ru,rn9Ia93wJ
bbusswelllh@jalbum.net,07ha45x3yGb
cdelacosteli@photobucket.com,qKeQhQOqc
cpriddenlj@amazon.co.jp,yKODDDey9bx
callsupplk@cbslocal.com,YoOxQ3mENg1
jvongrollmannll@guardian.co.uk,8XoFsVl
bmandifieldlm@pinterest.com,xPn7Yvi5iG
gllewellyln@harvard.edu,18VdMhJhH12Z
emcmackinlo@ebay.co.uk,9SpenZ0
acoultishlp@360.cn,HxiGFyTGU
jmcmullenlq@forbes.com,bJXvEsitJsx
bpedrocchilr@marriott.com,2RGz8o2N5jlP
rshearsbyls@sina.com.cn,goLIlSW5kJa0
cweavinglt@cnn.com,upzF5NgR2d
ehodginlu@webeden.co.uk,cQdfku4Cg
avakhoninlv@cmu.edu,ThkvGSGTmK
ecapperlw@oaic.gov.au,Na89eXpx3ktq
cgrimsdalelx@independent.co.uk,dLvh0aYqQX
dogusly@google.com.br,sPeLEU
rpaquetlz@smugmug.com,uvNtg1fh
jbreckonm0@usnews.com,ono8Jap
kslimmem1@spiegel.de,U4aVMdw
gcusiterm2@scribd.com,el3xRDg
ctewkesburym3@java.com,leZiVSr9H3
imaccombem4@google.es,2PIvTDYsY9n
rcraterem5@themeforest.net,iC2IXi5WrSgW
dmabbem6@npr.org,YkujA9OOQrJe
nhaym7@mozilla.com,9ueq4iQAC2V8
cgoodreidm8@deviantart.com,wWtIjtVD9rQ
cweinerm9@dyndns.org,IURIWYQTtw
wmacgruerma@mail.ru,a0diKg67NHTI
gtriswellmb@icq.com,3Y7zsqKTXDRe
cendeanmc@army.mil,hmqCuSHQ
bgommowemd@answers.com,eJziN0Bj
jibertme@intel.com,8nUfJMjN91e
ccisnerosmf@booking.com,NECv3mvIsy
rhaggermg@economist.com,PZUedvqGH5T
kgabitsmh@nationalgeographic.com,KNEHGBmF0
basplandmi@purevolume.com,kiPrLQ1BI6hE
lhyattmj@ameblo.jp,A9rNzIYT
gmccrainormk@newyorker.com,jDbTtVeJ
kduckhamml@google.ca,58YbrOftG
mbrettonmm@about.com,M0nVLSJOJdA
ikullmn@oaic.gov.au,n4T6uqdTIU
ddauntermo@umich.edu,jjIx3tzcDXEc
fcissonmp@cargocollective.com,vcPjdv
mzukermq@comcast.net,a9MhceSZc4
jvautinmr@hibu.com,61W7sgNCToW
thagardms@hibu.com,d40R7F
pnortheymt@samsung.com,mNIGUNm
sjoontjesmu@posterous.com,cwpG43ms
ihalmkinmv@nasa.gov,h7LKwVX1g
jnowakowskamw@ibm.com,xZdoRLt1
ctolmanmx@google.pl,5ZGpwFA0d
kweatherillmy@bloglovin.com,Z3IBznCMIyVC
ebowersmz@amazon.co.uk,3zlnQAtLr
melveyn0@goo.ne.jp,BNm8ekwFyBTa
amccaughenn1@noaa.gov,eJ1gi1nNMSd
mdornann2@pbs.org,aT5jL88ecV
vhawesn3@mtv.com,4cgST4uQak
bsolesburyn4@va.gov,adwwvlSdC
bwysen5@aboutads.info,TWNp8xulS
lruppertzn6@jugem.jp,6agJ0ii
igleadhelln7@guardian.co.uk,g9PHeC3
twitlingn8@buzzfeed.com,a9luPQ
jpritchettn9@usnews.com,JUmsKM
clemaryna@fotki.com,VrziMJ
pvansalzbergernb@xing.com,3EX7AK
gwallikernc@fastcompany.com,EJtqp19dX0
mlilleend@i2i.jp,MJZJc3VyqwG
rcunneyne@ycombinator.com,jj1iCuxngE
rizaksnf@com.com,mDHXd7
dmattusevichng@apple.com,1DPWWHNZu
dgyurkovicsnh@sogou.com,z5cDaLnMz7
kgiannazzini@behance.net,VohTCpR
vlunonj@bravesites.com,uwD5va
bboardnk@4shared.com,uRN4NWYe6fn
ofeehilynl@mapquest.com,fyYRxF
loverlownm@hao123.com,MFM5Z54ABZg
apinknn@wp.com,F4BMrC0N3lYm
bschniederno@lycos.com,6HalnfrSOS1
tflowernp@spiegel.de,iBAxIyyQcQ
daysiknq@npr.org,o0ARxFfz
nlarvornr@t-online.de,imaXBk
cpechellns@over-blog.com,eWGFd96cd8v
cgossent@nba.com,bSkW0Jinc
emclachlannu@digg.com,MqoLhsut
jmarshallsaynv@ask.com,0CJ5CcXab
poferrisnw@linkedin.com,NLksGW23Ru
chamsharnx@elpais.com,BntqrhT
gsuchny@blog.com,u8QHDi
rwabersinkenz@rakuten.co.jp,NDEFc7zaOr
asearsbyo0@amazonaws.com,EYsEFEXvvoU
pziemseno1@istockphoto.com,uUt3udT84
bbartello2@buzzfeed.com,eRnVYp5
myeso3@lulu.com,3dJfVx1Ki8
ubrewoodo4@wikipedia.org,GDKVOOogdnp
hertelto5@hostgator.com,1FJPtrA
lclappsono6@yolasite.com,CfBQadIdlfcc
dfrewo7@weather.com,tUOZtCFJMC3
adaneluto8@github.com,z0Hm39Ms
bmanueleo9@economist.com,nEBJuSL
ghatrickoa@github.com,QtWm6Udh
ipriestnerob@acquirethisname.com,oSfr61i8V03p
bsapsonoc@homestead.com,YMwMTi
gtownleyod@bluehost.com,bK2guQ
cgozzardoe@yandex.ru,Qv5gbE8A
acaroliof@disqus.com,un1pUHofwc
apinnegarog@opensource.org,eMYgg6Qds2
wkainoh@hc360.com,WKKuybqSsjuz
fhaggieoi@dedecms.com,Ra2DvAeRk
jkannoj@unblog.fr,Iuhrfbj3CkgL
nlermouthok@webnode.com,bbZhNMUzsWiw
sstarkeyol@mayoclinic.com,Z3w7i5BaSg
irodolpheom@mail.ru,DZ1DAO
hbakeon@china.com.cn,1V19SAg
wdavisoo@washington.edu,g3OQDnTxUvl
fkeatop@ftc.gov,apsDB6hXV2g
frillattoq@psu.edu,hfqmhOk
mmilesor@freewebs.com,1sdZJMTss
bchristoffelsos@yahoo.co.jp,QSS1fdzaFb
erivittot@squidoo.com,SZYMbo
sdupreou@goodreads.com,4tdmSXM0E
acoppockov@trellian.com,AVIRyNp6KC6n
challifaxow@live.com,sAqt2CYgMabG
bflescherox@is.gd,xgvCyoo
hcruftoy@feedburner.com,SlPQbP
jbrestonoz@boston.com,Mgmm1XvV
beschalottep0@smh.com.au,DiGaW5jn
bzebedeep1@scribd.com,UuZdjRnYPPJV
sphinnisp2@plala.or.jp,FcYAQDDX
fdennep3@sakura.ne.jp,3kf050WO
lmoormanp4@google.co.uk,iCTScdDx3jD
ocoppensp5@cpanel.net,iKsR9C1fE
wpetrowskyp6@booking.com,XeAucDjtQ
swoollheadp7@yellowbook.com,R9W1cPhbwGF
jannottp8@telegraph.co.uk,iABBPbD
ftemlettp9@zdnet.com,qvX48dC0XJc0
lfinicjpa@soup.io,wY9NJGM
gwiddockspb@biblegateway.com,xrs7ofvS0BB
dbateypc@patch.com,v569coT2iqn
lcordespd@liveinternet.ru,6SzHRyPiBhB
jmattinpe@noaa.gov,5woV3aOMGe6W
gharremapf@constantcontact.com,BeAHZ0PTb
lwimespg@g.co,zcZjyP
bcameliph@time.com,GVYshX
imullinerpi@springer.com,JxRjO6iG8Rs0
ljanawaypj@stumbleupon.com,G3MB0nG2y2s5
wkuncpk@eventbrite.com,NVs3Fs26Z
eeastpl@howstuffworks.com,QV4Xda
vmccarlepm@opensource.org,G1Pjzo
sbrackenburypn@yale.edu,8rD6IDHv9SiZ
bwhiteoakpo@webeden.co.uk,ztiShm9Pk4N
dlownespp@live.com,W5B9hWe
ktwohigpq@php.net,dXjzWBNn41
mhaskeypr@examiner.com,lzjQJeQn
kbridsonps@springer.com,J1khC70GzqH
ckennhampt@nature.com,xp0C7r
fsaintsburypu@infoseek.co.jp,Uw3aVdaf8Xx
ndumingopv@smh.com.au,AL4zAn
dbragapw@sciencedaily.com,L1dS6q6Ste
kdaniellopx@scientificamerican.com,u3DGecpAbsK
ehurdpy@npr.org,XiA5NwpV
adanbipz@sciencedaily.com,va5eZ9fb98s6
jblibenq0@trellian.com,oe8kwRWfk
sdunabieq1@wired.com,M2IBgVrz
evoseq2@google.co.jp,XHXq2Cl7b9yR
lpedelq3@blogs.com,rXaDQpP2SW
bspillerq4@hubpages.com,78Q9nWT4xtU
jbramhillq5@eventbrite.com,t4d9sx
dthowq6@jigsy.com,9vwq43FIG3
gcalenderq7@themeforest.net,Pv0qqWOE2X
hbeevorsq8@irs.gov,LpyS94zmPPQb
mharrismithq9@desdev.cn,hHXyjW9Wkp
hdaidqa@hatena.ne.jp,oL7DXhcF167
negentanqb@wikipedia.org,Me6aFeJ
meitterqc@washingtonpost.com,bAbl6tYeUod4
mhoutenqd@ihg.com,BTNwvB9hkKeh
jlastyqe@engadget.com,4OcpBeb1t
fcrushqf@dion.ne.jp,MKvGhzj2
gmcguggyqg@eventbrite.com,iHNhJrEgEb
kyukhnovqh@jiathis.com,l4GbzhQjXNZ
dpiattoqi@usatoday.com,hVntbY
tnorleyqj@typepad.com,VV7mPG5RHkra
lcovelyqk@issuu.com,A4LUjgQ5veST
dkitchinghanql@squidoo.com,BcNy6BPIxI
thearnsqm@amazon.com,bzX0RiL
rbeardshallqn@yahoo.com,Y1u0XYJ3
gdoughartieqo@linkedin.com,upUwkYTx5V
csopperqp@prnewswire.com,ZKlO71p8pak
ggirardiqq@hp.com,2RnTVZH2egw
apenellaqr@amazonaws.com,v59lyViuJflW
sbedenqs@omniture.com,vFKW7q
cmarcinkowskiqt@cyberchimps.com,Fxt4TALs
bbrumbyqu@yahoo.com,CGr2q1J
asmorfitqv@nifty.com,kExzV2k8B
ghackinqw@jigsy.com,8UTxFhnIsFQa
pgarlingqx@altervista.org,tmkBa0Hx
hbramsomqy@upenn.edu,exa3Zgkw
tfrankisqz@xing.com,103tinyw8
vbrownriggr0@twitter.com,KMxS8NTaLt
rbendikr1@rambler.ru,EbBRvu
mburdettr2@utexas.edu,YwEbJnTsnDpt
jfulopr3@soup.io,J1HJig
alumoxr4@tamu.edu,MOG0rOFjwL05
kmahaffeyr5@ezinearticles.com,5dXnAE6g
hdrummerr6@123-reg.co.uk,mZQJyaS7c0Z
adunckleyr7@reverbnation.com,6kffTh4Ld
nconradr8@parallels.com,YnX1zvnb9
cbillhamr9@a8.net,x6ymQ11
agildersleevera@livejournal.com,6I0phfqp
spoteburyrb@cyberchimps.com,UlDHYcDjJ
gwheelanrc@arstechnica.com,A0Oyoql
tceyssenrd@angelfire.com,ejbd4CVn
lwesthoferre@wix.com,ZRl8nSf
nbullinghamrf@blogger.com,F7x34gaA
hcooksleyrg@slashdot.org,tWXZblMy0Xz
kmarrisonrh@infoseek.co.jp,mLYfqfO
bscranedgeri@weibo.com,vC8KalotA6o
craynerj@qq.com,mD8gEd8
ledgworthrk@usnews.com,iRU4BL
clillistonerl@ebay.com,z6L7FsNRjpyk
umcrobbrm@ustream.tv,89U1UUcTB
kflettrn@senate.gov,sYdJXF2A3c
nbernardeauro@ucla.edu,5N6Be403AH
aitscovitzrp@github.io,hMPac2y
cfenwickrq@bandcamp.com,GbFXKLYEzyP6
egrabenrr@wunderground.com,JCCBqQIf
